method,top_inverse_term,top_inverse_strength,top_gain_to_ref_pp,top_centered_corr_to_ref_pp,top_amplitude_ratio_to_ref_pp
SinBP_D_EOnly,V2P_relTTP,0.7424270142177796,-0.4033913594904849,-0.22080109299905634,1.840463353393398
SinBP_D_E2,E2,1.4514351373754586,-0.650002017103404,-0.28887681107431135,2.2329702049902416
SinBP_D_LocalA,P2V_relTTP,0.6033354668958816,-0.3286075022578834,-0.18296369304510623,1.836036799982729
