method,top_inverse_term,top_inverse_strength,top_gain_to_ref_pp,top_centered_corr_to_ref_pp,top_amplitude_ratio_to_ref_pp
RTBP,V2P_relTTP,0.0,0.0006151984626100422,0.01832620326089672,0.16499738068524006
SinBP_D,P2V_relTTP,0.0826402814352714,-0.07629384698578724,-0.0899093212204702,1.0831840928229302
SinBP_D_EOnly,P2V_relTTP,0.4711124592196793,-0.24830615022228245,-0.13211715777451127,1.897304834366534
SinBP_D_E2,E2,2.2047956130064756,-0.8011245785340141,-0.28887681107431135,2.752125789276186
SinBP_D_LocalA,Stiffness,2.447049281346169,-0.8515948085839068,-0.2915787907881137,2.873490134839242
SinBP_M,cosPhi,0.1463811042009307,-0.21574259950920674,-0.29770961209477403,0.6784988432230508
