session_id,top_inverse_feature,top_inverse_centered_corr_to_ref_pp,top_inverse_abs_centered_corr_to_ref_pp
eitaro_20260416_165247,M2_ppf_asymmetry_gap,-0.10162529560268616,0.10162529560268616
jin_20260416_160710,M2_ppf_local_width_samples,-0.16733540160203986,0.16733540160203986
mahiro_20260416_171117,M2_ppf_peak_sharpness,-0.2850872887961509,0.2850872887961509
tatuya_20260416_165751,M2_ppf_up_down_width_ratio,-0.3943490827785677,0.3943490827785677
yuto_20260416_164137,M2_Stiffness_used,-0.4148298615622244,0.4148298615622244
zawa_20260416_171401,M2_ppf_asymmetry_gap,-0.1658861046617582,0.1658861046617582
