method,top_inverse_term,top_inverse_strength,top_gain_to_ref_pp,top_centered_corr_to_ref_pp,top_amplitude_ratio_to_ref_pp
RTBP,P2V_relTTP,0.0004007190269302137,-0.0037594957880288725,-0.034230805019305095,0.10658850269395122
SinBP_D,E,0.00278450748336527,-0.019804328608707254,-0.1397399512794271,0.14060095337647657
SinBP_D_EOnly,P2V_relTTP,0.0006546482721844234,-0.0020354712829384887,-0.016050747652975605,0.3216199990988557
SinBP_D_E2,P2V_relTTP,0.0005571650189176716,-0.0018778153616469172,-0.016050747652975688,0.29670916017484067
SinBP_D_LocalA,E,0.01486234115167396,-0.020182925099467813,-0.014623760951414433,0.736381920778463
SinBP_M,Mean,0.004302375015634433,-0.024134020162087925,-0.1346235096486334,0.17827013430580552
