session_id,method,component,n,mae,rmse,signed_bias,corr,centered_corr,tracking_gain,amplitude_ratio,direction_agreement,inversion_like
jin_20260416_160710,RTBP,MAP,149,0.03564571250321605,0.04526766964905524,-0.007822347964583252,0.03802207481946616,0.03802207481946615,0.00333456794528682,0.08211512962134977,0.4965986394557823,0
jin_20260416_160710,RTBP,PP,149,5.456122353026447,6.340549048823263,-4.841269584216448,0.10106238650687867,0.10106238650687867,0.032572803467423625,0.33925742363603484,0.5416666666666666,0
jin_20260416_160710,SinBP_M,MAP,142,0.03607858414819826,0.045789565602254514,-0.0053952161136602145,0.04939321221069649,0.04939321221069651,0.0072866967117821545,0.12273584973788358,0.5714285714285714,0
jin_20260416_160710,SinBP_M,PP,142,5.713856155073914,6.662070704445932,-5.058424009044811,0.038310751073439474,0.03831075107343946,0.014551492549990977,0.4445161029435012,0.5693430656934306,0
jin_20260416_160710,SinBP_D,MAP,147,0.03534430972517671,0.04518854762050961,-0.010250933254546091,0.07482704692715957,0.07482704692715957,0.006766614546899025,0.08854045673269055,0.4827586206896552,0
jin_20260416_160710,SinBP_D,PP,147,5.972679179772635,6.833440396927791,-5.509912205025728,0.1469767550756707,0.14697675507567073,0.048475735310791405,0.3463257766113658,0.5071428571428571,0
