method,top_inverse_term,top_inverse_strength,top_gain_to_ref_pp,top_centered_corr_to_ref_pp,top_amplitude_ratio_to_ref_pp
SinBP_D_EOnly,P2V_relTTP,0.16204731527879318,-0.18973734044215426,-0.22236232039354795,0.854061277032588
SinBP_D_E2,P2V_relTTP,0.14628124550503474,-0.18027114341648692,-0.2223623203935479,0.8114512546640696
SinBP_D_LocalA,P2V_relTTP,0.08455085522470239,-0.1312983867216993,-0.22052859354883522,0.6439595895714758
