method,top_inverse_term,top_inverse_strength,top_gain_to_ref_pp,top_centered_corr_to_ref_pp,top_amplitude_ratio_to_ref_pp
RTBP,P2V_relTTP,0.018550142880927517,-0.05545710347111578,-0.19718110701163538,0.3344953436053355
SinBP_D,P2V_relTTP,0.026362756942007837,-0.09488608896448963,-0.3999251202645366,0.27783584748522927
SinBP_D_EOnly,P2V_relTTP,0.1327506484095531,-0.17173159918935785,-0.22236232039354786,0.7730123578665168
SinBP_D_E2,P2V_relTTP,0.11298283471464415,-0.15843025531287008,-0.22236232039354809,0.7131392579752157
SinBP_D_LocalA,P2V_relTTP,0.061455999196857465,-0.11193928525629052,-0.22052859354883536,0.5490118956553182
SinBP_M,Mean,0.020166710227859996,-0.07940099458136153,-0.3355423381914179,0.25398561232372646
