method,top_inverse_term,top_inverse_strength,top_gain_to_ref_pp,top_centered_corr_to_ref_pp,top_amplitude_ratio_to_ref_pp
RTBP,V2P_relTTP,0.001031384221436909,-0.011077964027967296,-0.08802454644172919,0.09310232627882603
SinBP_D,E,0.011659432219911274,-0.0333229064178354,-0.12880974388695263,0.34989241555684963
SinBP_D_EOnly,P2V_relTTP,0.023336053553264718,-0.03212069408086571,-0.043659291756234724,0.726511497370351
SinBP_D_E2,E,0.11448508496678009,-0.08182423612496112,-0.09538524496858942,1.3991586159379437
SinBP_D_LocalA,E,0.19247321896268613,-0.106094448360338,-0.09538524496858956,1.814168619916588
SinBP_M,cosPhi,0.0,0.020608034066816695,0.010165979477941563,0.424192143435117
