method,top_inverse_term,top_inverse_strength,top_gain_to_ref_pp,top_centered_corr_to_ref_pp,top_amplitude_ratio_to_ref_pp
RTBP,HR,0.1763388293286886,-0.231680751335048,-0.3119230019167797,0.7611285284277847
SinBP_D,HR,0.22735670416119055,-0.2966668374079597,-0.3808574535251045,0.7663704718318155
SinBP_D_EOnly,HR,0.2711673190679316,-0.3302160198622238,-0.4020108488638092,0.821181598582258
SinBP_D_E2,HR,0.2711673190679316,-0.3302160198622238,-0.4020108488638092,0.821181598582258
SinBP_D_LocalA,HR,0.2711673190679316,-0.3302160198622238,-0.4020108488638092,0.821181598582258
SinBP_M,HR,0.0922901108336021,-0.1727275484140967,-0.3123537498520123,0.5343103151811427
