method,top_inverse_term,top_inverse_strength,top_gain_to_ref_pp,top_centered_corr_to_ref_pp,top_amplitude_ratio_to_ref_pp
RTBP,HR,0.1784849643224659,-0.18167884095714906,-0.1857884688403263,0.9824202057991087
SinBP_D,HR,0.10287225345502518,-0.11609053982554247,-0.1371813901442776,0.8861381264108052
SinBP_D_EOnly,HR,0.2839275109132978,-0.2133695499725221,-0.15928450144923156,1.3306843031250815
SinBP_D_E2,HR,0.24078098275769913,-0.19648970245812064,-0.15928450144923154,1.2254127302626387
SinBP_D_LocalA,HR,0.18158631202467962,-0.1834504166666689,-0.18474050458724003,0.989838645908467
SinBP_M,HR,0.12548718061947742,-0.16964007920314705,-0.23369805431092938,0.7397260199884973
