method,top_inverse_term,top_inverse_strength,top_gain_to_ref_pp,top_centered_corr_to_ref_pp,top_amplitude_ratio_to_ref_pp
RTBP,HR,0.02170060200566565,-0.06240253357631866,-0.17885821278554537,0.34775193829471185
SinBP_D,HR,0.021607120011241755,-0.06018564423963552,-0.17031894371881107,0.3590078711330349
SinBP_D_EOnly,P2V_relTTP,0.03706085962476842,-0.05309447408628645,-0.0877894140402052,0.698017265686425
SinBP_D_E2,P2V_relTTP,0.031542150848481415,-0.048982080903572055,-0.08778941404020527,0.6439528551385243
SinBP_D_LocalA,P2V_relTTP,0.036143035987995835,-0.05243290187165448,-0.08778941404020506,0.6893197724678092
SinBP_M,HR,0.013796616822832815,-0.04649928328023831,-0.16060512328895013,0.2967060102772859
