method,top_inverse_term,top_inverse_strength,top_gain_to_ref_pp,top_centered_corr_to_ref_pp,top_amplitude_ratio_to_ref_pp
RTBP,HR,0.016969055769186385,-0.05518159272418907,-0.17885699647655365,0.3075129754590779
SinBP_D,V2P_relTTP,0.020800843207248156,-0.05517336730690385,-0.13244028731869353,0.37700876750086165
SinBP_D_EOnly,HR,0.019713879575977488,-0.06237619333837712,-0.1887916170710724,0.31604813504783835
SinBP_D_E2,HR,0.019713879575977488,-0.06237619333837712,-0.1887916170710724,0.31604813504783835
SinBP_D_LocalA,HR,0.019713879575977488,-0.06237619333837712,-0.1887916170710724,0.31604813504783835
SinBP_M,HR,0.01162473164218022,-0.04268239312029832,-0.1606039384524873,0.27235426114502204
