method,top_inverse_term,top_inverse_strength,top_gain_to_ref_pp,top_centered_corr_to_ref_pp,top_amplitude_ratio_to_ref_pp
RTBP,V2P_relTTP,0.029596108648543153,-0.07104100427097164,-0.16166573029986012,0.4166060003270047
SinBP_D,HR,0.01863596556181067,-0.05926040594698677,-0.19348906686111852,0.3144758336364089
SinBP_D_EOnly,V2P_relTTP,0.03375452031505791,-0.0850691336887551,-0.20895015752132678,0.39678928009960174
SinBP_D_E2,V2P_relTTP,0.03375452031505791,-0.0850691336887551,-0.20895015752132678,0.39678928009960174
SinBP_D_LocalA,V2P_relTTP,0.03375452031505791,-0.0850691336887551,-0.20895015752132678,0.39678928009960174
SinBP_M,HR,0.015776712973988565,-0.0566977087636498,-0.2070579467356259,0.2782601505072349
