method,top_inverse_term,top_inverse_strength,top_gain_to_ref_pp,top_centered_corr_to_ref_pp,top_amplitude_ratio_to_ref_pp
SinBP_D_EOnly,P2V_relTTP,0.03181626346689197,-0.07920636665646742,-0.18483580645961323,0.4016882077786114
SinBP_D_E2,P2V_relTTP,0.02872076368094185,-0.07525467706964128,-0.1848358064596133,0.38164755732541944
SinBP_D_LocalA,P2V_relTTP,0.034970903067731963,-0.08304030361481096,-0.1848358064596135,0.4211316860057169
