session_id,top_inverse_feature,top_inverse_centered_corr_to_ref_pp,top_inverse_abs_centered_corr_to_ref_pp
eitaro_20260410_155023,M2_ppf_peak_sharpness_width,-0.3633054832037212,0.3633054832037212
jin_20260409_182834,M2_ppf_asymmetry_ratio,-0.38819095430443096,0.38819095430443096
yamaguchi_20260410_180602,M2_ppf_local_width_ms,-0.14692538577120287,0.14692538577120287
yu_20260409_182115,M2_ppf_local_width_ms,-0.24012238637200947,0.24012238637200947
yusuke_20260410_181941,M2_ppf_stiffness_e_product,-0.25417919103379144,0.25417919103379144
zawa_20260409_181339,M2_V2P_relTTP_used,-0.15520843587818628,0.15520843587818628
zawa_20260414_150640,M2_ppf_local_width_samples,-0.40730300324764934,0.40730300324764934
zawa_20260414_154020,M2_HR_used,-0.09283420305612027,0.09283420305612027
