method,top_inverse_term,top_inverse_strength,top_gain_to_ref_pp,top_centered_corr_to_ref_pp,top_amplitude_ratio_to_ref_pp
SinBP_D_EOnly,V2P_relTTP,0.21721135999357902,-0.1605750080945928,-0.12805949080745915,1.3527096312872202
SinBP_D_E2,E,0.4320428130895172,-0.20345047231348093,-0.10416101103181666,2.123577341338467
SinBP_D_LocalA,V2P_relTTP,0.3090422414374978,-0.2541134018601806,-0.21406341947601434,1.2161587668152205
