method,top_inverse_term,top_inverse_strength,top_gain_to_ref_pp,top_centered_corr_to_ref_pp,top_amplitude_ratio_to_ref_pp
RTBP,P2V_relTTP,0.02083996436711703,-0.027700503187823484,-0.0305626589076683,0.7523316174371089
SinBP_D,P2V_relTTP,0.04008275978114164,-0.045913900789195716,-0.05783609109055488,0.872998353269382
SinBP_D_EOnly,P2V_relTTP,0.15993412451209654,-0.10566850064921145,-0.08134293820617237,1.5135458867068732
SinBP_D_E2,E,0.44212675131100765,-0.20581105855515286,-0.10416101103181664,2.1482166916338334
SinBP_D_LocalA,E,1.4966637188286476,-0.4577487977365591,-0.1465491826876498,3.26961802243771
SinBP_M,cosPhi,0.0501934650568105,-0.07294487772119507,-0.10379925043121882,0.6881012981974765
